Model,MAE,RMSE,MAPE (%),Within ±10 (%)
Moving Average (1hr),8.041640227707454,18.641695850470935,152.89754082404525,78.86967524251371
Ridge Regression,9.961777531933583,18.947961501457318,293.97164212727387,66.89160691691269
Linear Regression,10.350087118523044,19.217903027536167,293.47372290132745,67.77730915225642
Naive (t=t-1),8.53500459234642,22.15050196511781,126.8737388847343,78.1526781948545
Random Forest,8.963535597505707,22.321386145294806,163.52186016347926,75.74862927035007
Gradient Boosting,12.323664933901894,25.08658006768515,277.1294517526445,67.10248840151834
XGBoost,15.196640115918745,32.61007146451578,427.1997583721349,52.76254744833404
