Model,MAE,RMSE,MAPE (%),Within ±10 (%),Horizon
XGBoost (15min),15.382108203176454,32.64500886669578,422.9838046819329,50.23196963306622,15min
XGBoost (30min),15.329701442115175,32.72521263478397,424.3405316540737,51.75031632222691,30min
XGBoost (1hr),15.196640115918745,32.61007146451578,427.1997583721349,52.76254744833404,1hr
XGBoost (2hr),15.764986225121552,33.42253807637851,478.5479297201126,50.78026149304091,2hr
